"Nomor ID","Nama"
"0437961351","Yessi Widiastuti"
"0833273286","Luwar Maulana"
"0842445254","Putri Rahayu"
"1227443761","Zulaikha Rahmawati"
"1592519424","Irma Safitri"
"3354045240","Among Manullang"
"3426073195","Wage Kusumo"
"4136994948","Lukman Maheswara"
"5018077222","Yessi Wahyuni"
"5525965295","Perkasa Uwais"
"5785479653","Ilyas Simbolon"
"6081773117","Tami Nuraini"
"6175460993","Adika Najmudin"
"6854696540","Ika Hastuti"
"7843499944","Carla Usamah"
"8875466592","Rahayu Mandasari"
"9589413975","Dimaz Wahyudin"
"2533510367","Karna Maulana"
"3412005887","Gawati Aryani"
"1701698033","Umaya Saputra"
"9084064578","Rama Widodo"
"8125982099","Dacin Rajasa"
"4671699580","Citra Farida"
"4439062085","Hafshah Purwanti"
"4405462363","Salwa Utami"
